,first_name,last_name,company,email_address
1,Daniella,Cain,Urban App,ijelonek@live.co.uk
2,Michael,Francis,Cloud Store,ijelonek@live.co.uk
3,Rob,Stevens,City Mapz,ijelonek@live.co.uk
4,David,Woodford,Coding Club,ijelonek@live.co.uk
5,Cornellia,Adams,Code First Girls,ijelonek@live.co.uk
,Kevin,Dunne,Code First Girls,ijelonek@live.co.uk
,Richard,Brooks,Bank of Ideas,ijelonek@live.co.uk
,Elode,Roche,Virtuoso Books,ijelonek@live.co.uk
,Victoria,de Napoli,Clever Apz,ijelonek@live.co.uk
,Alice,Bianco,Excel@IT,ijelonek@live.co.uk
,Antonella,Romero,IT Box,ijelonek@live.co.uk